{
    "toxicity": [
        0.29639649391174316,
        0.7869918942451477,
        0.8672035932540894,
        0.926011860370636,
        0.11540674418210983,
        0.17554201185703278,
        0.02233625203371048,
        0.9874381422996521,
        0.00579954544082284,
        0.15623503923416138,
        0.05547858402132988,
        0.00321724871173501,
        0.004458817187696695,
        0.001566896215081215,
        0.001865057391114533,
        0.000851233780849725,
        0.003293916815891862,
        0.021891046315431595,
        0.011211897246539593,
        0.0027838104870170355,
        0.005107260774821043,
        0.11047417670488358,
        0.0010006283409893513,
        0.7588707804679871,
        0.001944804098457098,
        0.006335240788757801,
        0.0053471955470740795,
        0.01038108579814434,
        0.0038735654670745134,
        0.02164165861904621,
        0.5839929580688477,
        0.006014338694512844,
        0.0010510104475542903,
        0.0008089507464319468,
        0.26105692982673645,
        0.030763382092118263,
        0.0011209346121177077,
        0.8491115570068359,
        0.009897063486278057,
        0.29444944858551025
    ],
    "severe_toxicity": [
        0.0010098047787323594,
        0.02145214006304741,
        0.03274397924542427,
        0.0430617555975914,
        0.0016764354659244418,
        0.0013007697416469455,
        0.000170818530023098,
        0.1683064103126526,
        0.00019027048256248236,
        0.0015346799045801163,
        0.00033726004767231643,
        0.00011000089580193162,
        0.00012223904195707291,
        0.00011870123853441328,
        0.00010655509686330333,
        0.00011165744945174083,
        0.00010278887202730402,
        0.00011651022941805422,
        0.00014446055865846574,
        9.348549792775884e-05,
        0.00011643736070254818,
        0.000539453118108213,
        0.0001138743173214607,
        0.0023817874025553465,
        0.00010873939754674211,
        0.00016482606588397175,
        0.00010049182310467586,
        0.00011940440163016319,
        0.00011237277794862166,
        0.00012207840336486697,
        0.017076952382922173,
        0.0001423632784280926,
        9.785891597857699e-05,
        0.0001126132847275585,
        0.0027563481125980616,
        0.0003008035710081458,
        0.00011366126273060217,
        0.006618740502744913,
        0.00016913426225073636,
        0.002168462611734867
    ],
    "obscene": [
        0.006764927413314581,
        0.0788300558924675,
        0.15268073976039886,
        0.1318655014038086,
        0.0037226672284305096,
        0.0030564956832677126,
        0.0006565527291968465,
        0.6098223924636841,
        0.00036376030766405165,
        0.0035529343876987696,
        0.0007268261397257447,
        0.00017453018517699093,
        0.0002020637330133468,
        0.00017436251800972968,
        0.00019225574214942753,
        0.00018736439233180135,
        0.00019656706717796624,
        0.0007220845436677337,
        0.00038209790363907814,
        0.0001860211486928165,
        0.0005400035879574716,
        0.004524128511548042,
        0.00017715073772706091,
        0.023667678236961365,
        0.0001996849459828809,
        0.0004259387496858835,
        0.0002935762458946556,
        0.000680666184052825,
        0.0003917048161383718,
        0.0009400052367709577,
        0.01572251506149769,
        0.00042274154839105904,
        0.00018161869957111776,
        0.00017406816186849028,
        0.004320967011153698,
        0.001128234202042222,
        0.00015733062173239887,
        0.06070537865161896,
        0.0003280433884356171,
        0.002573263132944703
    ],
    "threat": [
        0.0011035952484235168,
        0.02117971144616604,
        0.033322084695100784,
        0.03486195206642151,
        0.004069062881171703,
        0.001543731545098126,
        0.0003198673948645592,
        0.0589839369058609,
        0.0002022619009949267,
        0.001633914071135223,
        0.0004978255019523203,
        0.0001471235154895112,
        0.00018584243662189692,
        0.00015563619672320783,
        0.00015971717948559672,
        0.00011189204815309495,
        0.0001553675247123465,
        0.00031637775828130543,
        0.0003560648765414953,
        0.00012318143853917718,
        9.93560315691866e-05,
        0.0035325726494193077,
        0.00014000538794789463,
        0.015842000022530556,
        0.0001866086240625009,
        0.0005506688030436635,
        0.000225937066716142,
        0.00027191650588065386,
        0.00017793793813325465,
        0.00033248253748752177,
        0.5899823904037476,
        0.00026320668985135853,
        0.00010465468949405476,
        0.00012998086458537728,
        0.1255897730588913,
        0.002041278872638941,
        0.00016466551460325718,
        0.0049902000464499,
        0.0003040411393158138,
        0.01917293667793274
    ],
    "insult": [
        0.022602660581469536,
        0.20793506503105164,
        0.19909921288490295,
        0.24011388421058655,
        0.004947849549353123,
        0.005818221718072891,
        0.0010064992820844054,
        0.6741406321525574,
        0.0004568333679344505,
        0.018455689772963524,
        0.0017251832177862525,
        0.000321850209729746,
        0.00046009666402824223,
        0.0001819365716073662,
        0.00020781213243026286,
        0.00017085991567000747,
        0.00027790534659288824,
        0.0007679273257963359,
        0.0005239564343355596,
        0.00023469323059543967,
        0.0003388448676560074,
        0.0023348983377218246,
        0.0001750194642227143,
        0.21338625252246857,
        0.00022177367645781487,
        0.0004493584856390953,
        0.00034980272175744176,
        0.0005797866033390164,
        0.0002765900280792266,
        0.0007686605677008629,
        0.018141457810997963,
        0.00047102663666009903,
        0.00019649903697427362,
        0.00018044887110590935,
        0.008616427890956402,
        0.0009747972362674773,
        0.00019636568322312087,
        0.2743990421295166,
        0.0004307643976062536,
        0.006609817035496235
    ],
    "identity_attack": [
        0.027484286576509476,
        0.5595553517341614,
        0.6948469281196594,
        0.771806001663208,
        0.061470914632081985,
        0.06191255897283554,
        0.001346488599665463,
        0.9001107215881348,
        0.0013678590767085552,
        0.06706257909536362,
        0.007434665225446224,
        0.0003610354906413704,
        0.00048088544281199574,
        0.0002559859130997211,
        0.0001854103902587667,
        0.00015002612781245261,
        0.0002643502375576645,
        0.00041229117778129876,
        0.00044033167068846524,
        0.0002241806942038238,
        0.0001666748576099053,
        0.0018302012467756867,
        0.00017252647376153618,
        0.019922638311982155,
        0.00018908192578237504,
        0.00035219392157159746,
        0.00021859692060388625,
        0.00026995205553248525,
        0.000213953826460056,
        0.00027826326549984515,
        0.016814742237329483,
        0.00039115649997256696,
        0.0001425709924660623,
        0.00014084063877817243,
        0.006309358403086662,
        0.0007894065929576755,
        0.00017135000962298363,
        0.19263309240341187,
        0.0006689222063869238,
        0.038722723722457886
    ]
}