{
    "toxicity": [
        0.07123701274394989,
        0.0008347632247023284,
        0.000574094126932323,
        0.0010077960323542356,
        0.0009052908280864358,
        0.17554201185703278,
        0.0034595646429806948,
        0.0017857832135632634,
        0.0011999552370980382,
        0.1448635458946228,
        0.05547858402132988,
        0.0017611259827390313,
        0.03181737661361694,
        0.004318729508668184,
        0.0010058163898065686,
        0.0005687111406587064,
        0.0018692902522161603,
        0.0007131965830922127,
        0.0010264262091368437,
        0.0006386606837622821,
        0.0005709994002245367,
        0.0012654641177505255,
        0.001171944197267294,
        0.005817846395075321,
        0.0008219417650252581,
        0.0030758699867874384,
        0.0011734941508620977,
        0.0009798887185752392,
        0.0016109347343444824,
        0.0007954065804369748,
        0.08641430735588074,
        0.008140209130942822,
        0.010316422209143639,
        0.0005823069950565696,
        0.0018063009483739734,
        0.09291958063840866,
        0.0009475689730606973,
        0.17060822248458862,
        0.009897063486278057,
        0.0006468317587859929
    ],
    "severe_toxicity": [
        0.0002232353581348434,
        0.00011853643809445202,
        0.00013184722047299147,
        0.00011873860057676211,
        0.0001127398427342996,
        0.0013007697416469455,
        0.00010691110219340771,
        0.00011327844549668953,
        0.00012375703954603523,
        0.00091037608217448,
        0.00033726004767231643,
        0.0001099653381970711,
        0.00019229037570767105,
        0.00011392960732337087,
        0.00011007476132363081,
        0.00012871848593931645,
        9.998827590607107e-05,
        0.00011773920414270833,
        0.0001058445850503631,
        0.00012220931239426136,
        0.00012871921353507787,
        0.00011442269897088408,
        0.00011571746290428564,
        9.694063192000613e-05,
        0.00011128913320135325,
        0.00011637420539045706,
        0.00010750485671451315,
        0.00010795213165692985,
        0.00010766058403532952,
        0.00011449277371866629,
        0.0009303789702244103,
        0.00015295037883333862,
        9.39312158152461e-05,
        0.00013070933346170932,
        0.00010214019857812673,
        0.0007450609118677676,
        0.00010888819087995216,
        0.00041453633457422256,
        0.00016913426225073636,
        0.00013085623504593968
    ],
    "obscene": [
        0.0011432801838964224,
        0.00016492667782586068,
        0.00017730587569531053,
        0.000157065165694803,
        0.00016946149116847664,
        0.0030564956832677126,
        0.00023039641382638365,
        0.0002118013217113912,
        0.00017290411051362753,
        0.0029656009282916784,
        0.0007268261397257447,
        0.00016147804853972048,
        0.0005469644675031304,
        0.00022163223184179515,
        0.00016610750753898174,
        0.0001752412208588794,
        0.00016236859664786607,
        0.0001659203990129754,
        0.00017429236322641373,
        0.0001734971592668444,
        0.00018690511933527887,
        0.00026273285038769245,
        0.0002660666068550199,
        0.0003627428668551147,
        0.00016662816051393747,
        0.0002495383087079972,
        0.0001783945772331208,
        0.00017975542868953198,
        0.00019542801601346582,
        0.00017479831876698881,
        0.0015183129580691457,
        0.0006829277845099568,
        0.0005855301860719919,
        0.00017673519323579967,
        0.00018223536608275026,
        0.002121815923601389,
        0.00016312836669385433,
        0.002600504783913493,
        0.0003280433884356171,
        0.00016713766672182828
    ],
    "threat": [
        0.00035649791243486106,
        0.00013175170170143247,
        0.00014641732559539378,
        0.0001326487399637699,
        0.00011829986760858446,
        0.001543731545098126,
        0.0001393956772517413,
        0.00012263446114957333,
        0.000127454855828546,
        0.0009480033186264336,
        0.0004978255019523203,
        0.00013215484796091914,
        0.0002849102020263672,
        0.00018364863353781402,
        0.00014170330541674048,
        0.00013904190564062446,
        0.0001411142002325505,
        0.0001282175799133256,
        0.00012129585957154632,
        0.00012421955761965364,
        0.00012353702913969755,
        0.00011845508561236784,
        0.00011777491454267874,
        0.0001694610109552741,
        0.00013611796020995826,
        0.00022243204875849187,
        0.00014638298307545483,
        0.0001328315120190382,
        0.00016676467203069478,
        0.00013906709500588477,
        0.02626405470073223,
        0.00023126574524212629,
        0.00011928104504477233,
        0.00014727959933225065,
        0.00017073027265723795,
        0.011048747226595879,
        0.00012509513180702925,
        0.0007993817562237382,
        0.0003040411393158138,
        0.00015238265041261911
    ],
    "insult": [
        0.0018950565718114376,
        0.00017264627967961133,
        0.00017649152141530067,
        0.00017997357645072043,
        0.0001728724455460906,
        0.005818221718072891,
        0.00026980077382177114,
        0.00020215005497448146,
        0.00019318370323162526,
        0.016800740733742714,
        0.0017251832177862525,
        0.0002461722760926932,
        0.0027568095829337835,
        0.0002489798062015325,
        0.000178850517841056,
        0.0001753261312842369,
        0.00025755222304724157,
        0.000176789631950669,
        0.0001851480483310297,
        0.00017846602713689208,
        0.0001702209992799908,
        0.00018725045083556324,
        0.00018304202239960432,
        0.0004706751788035035,
        0.00018416681268718094,
        0.00024160408065654337,
        0.0001968414435395971,
        0.00018452062795404345,
        0.00021027246839366853,
        0.00017503048002254218,
        0.0027546680066734552,
        0.000675890885759145,
        0.000576092628762126,
        0.0001749216899042949,
        0.00022762447770219296,
        0.0026280044112354517,
        0.00018074332911055535,
        0.007603274658322334,
        0.0004307643976062536,
        0.0001716612168820575
    ],
    "identity_attack": [
        0.0030507994815707207,
        0.00017661743913777173,
        0.0001489262212999165,
        0.00021496623230632395,
        0.00017963378923013806,
        0.06191255897283554,
        0.000333335978211835,
        0.0002833979669958353,
        0.0003072687250096351,
        0.03540241718292236,
        0.007434665225446224,
        0.00027069379575550556,
        0.0023578517138957977,
        0.00037081618211232126,
        0.00015822183922864497,
        0.00014631655358243734,
        0.00020489824237301946,
        0.000150292573380284,
        0.00015151854313444346,
        0.00014894553169142455,
        0.00014762236969545484,
        0.00015210566925816238,
        0.0001480596692999825,
        0.0002031614276347682,
        0.00014621949230786413,
        0.00024588024825789034,
        0.00015299677033908665,
        0.00014891485625412315,
        0.00017784364172257483,
        0.00014528055908158422,
        0.00267108716070652,
        0.0004440052143763751,
        0.0002019054227275774,
        0.0001472366275265813,
        0.00018097891006618738,
        0.0025424903724342585,
        0.00015937048010528088,
        0.006006328389048576,
        0.0006689222063869238,
        0.0001638242247281596
    ]
}