{
    "toxicity": [
        0.19884690642356873,
        0.9459540843963623,
        0.0032866313122212887,
        0.9574187397956848,
        0.0006983378552831709,
        0.0011513809440657496,
        0.35274386405944824,
        0.002385693835094571,
        0.002832390833646059,
        0.04954521730542183,
        0.05547858402132988,
        0.006047468166798353,
        0.001139810774475336,
        0.0005716893938370049,
        0.0012278137728571892,
        0.0005835109041072428,
        0.0006754893693141639,
        0.00372018339112401,
        0.0014338508481159806,
        0.000716334383469075,
        0.0006190198473632336,
        0.0007648534374311566,
        0.000680084282066673,
        0.0379364937543869,
        0.0008109949412755668,
        0.0009913055691868067,
        0.0009145596995949745,
        0.020556330680847168,
        0.010568897239863873,
        0.0010013650171458721,
        0.5839869379997253,
        0.029765339568257332,
        0.004318286664783955,
        0.0006292618345469236,
        0.0007093457970768213,
        0.004601628053933382,
        0.0009045209153555334,
        0.17060822248458862,
        0.009897063486278057,
        0.3867420256137848
    ],
    "severe_toxicity": [
        0.000644140993244946,
        0.06806978583335876,
        0.00011219205771340057,
        0.06876418739557266,
        0.0001185275032185018,
        0.00011855961929541081,
        0.001898375921882689,
        0.00011512082710396498,
        0.0001386357325827703,
        0.0003830392088275403,
        0.00033726004767231643,
        0.00012791497283615172,
        0.00010341779852751642,
        0.00013255314843263477,
        0.00010628181917127222,
        0.0001325450575677678,
        0.00012221724318806082,
        0.00010894562728935853,
        0.00010082469816552475,
        0.00011952207569265738,
        0.0001269744971068576,
        0.00011832581367343664,
        0.00011994749365840107,
        0.00013478234177455306,
        0.00011655644630081952,
        0.00011812266893684864,
        0.0001080128931789659,
        0.000148400868056342,
        0.00013227990712039173,
        0.00010667535389075056,
        0.016935795545578003,
        0.00016375113045796752,
        8.815409091766924e-05,
        0.00012627357500605285,
        0.00012644118396565318,
        0.0001424878282705322,
        0.00011000425001839176,
        0.00041453633457422256,
        0.00016913426225073636,
        0.002545161871239543
    ],
    "obscene": [
        0.0023332128766924143,
        0.2451745569705963,
        0.00019698865071404725,
        0.2541579604148865,
        0.00016795274859759957,
        0.00016507756663486362,
        0.0036862134002149105,
        0.00021906847541686147,
        0.00023230290389619768,
        0.0010593931656330824,
        0.0007268261397257447,
        0.00020803220104426146,
        0.00015014690870884806,
        0.00017320028564427048,
        0.00017283108900301158,
        0.00017747044330462813,
        0.00017018090875353664,
        0.00036561855813488364,
        0.00018579637981019914,
        0.0001642407150939107,
        0.00017280521569773555,
        0.00020914195920340717,
        0.0001663035509409383,
        0.0013106931000947952,
        0.00016243240679614246,
        0.00017273107368964702,
        0.00017510460747871548,
        0.0008101538405753672,
        0.00045440884423442185,
        0.000178498201421462,
        0.014345063827931881,
        0.002059327671304345,
        0.00034152253647334874,
        0.00016832147957757115,
        0.0001693256344879046,
        0.0005110118654556572,
        0.00016383077309001237,
        0.002600504783913493,
        0.0003280433884356171,
        0.004500985611230135
    ],
    "threat": [
        0.00089103082427755,
        0.042512912303209305,
        0.00016030932602006942,
        0.03547266498208046,
        0.00012173013965366408,
        0.00012370395415928215,
        0.004373947624117136,
        0.00012958461593370885,
        0.0001582651457283646,
        0.0006211367435753345,
        0.0004978255019523203,
        0.0001738207065500319,
        0.00012799609976354986,
        0.00014664004265796393,
        0.00014108420873526484,
        0.0001397606247337535,
        0.00013842200860381126,
        0.00014965448644943535,
        0.00012207747204229236,
        0.00011968847684329376,
        0.00014485920837614685,
        0.00011607220221776515,
        0.00013614170893561095,
        0.0003536804288160056,
        0.00014191452646628022,
        0.00016407700604759157,
        0.00012672337470576167,
        0.0005454988568089902,
        0.00029567477758973837,
        0.0001296122936764732,
        0.5776496529579163,
        0.00028253570781089365,
        0.00011358692427165806,
        0.0001411081466358155,
        0.00016300554852932692,
        0.0002722111821640283,
        0.00012462127779144794,
        0.0007993817562237382,
        0.0003040411393158138,
        0.01928928680717945
    ],
    "insult": [
        0.011011078022420406,
        0.46073707938194275,
        0.00024121323076542467,
        0.5030562877655029,
        0.00017113595094997436,
        0.00019712166977114975,
        0.01139346044510603,
        0.00021832823404110968,
        0.00026435451582074165,
        0.003360728034749627,
        0.0017251832177862525,
        0.0005699298926629126,
        0.00021433012443594635,
        0.0001749447255861014,
        0.00018472167721483856,
        0.00017961786943487823,
        0.00017872947501018643,
        0.00027798855444416404,
        0.00018999293388333172,
        0.00017665330960880965,
        0.00017839287465903908,
        0.00017360139463562518,
        0.0001721580483717844,
        0.002678403863683343,
        0.00018054491374641657,
        0.000179691007360816,
        0.0001831177796702832,
        0.000817592313978821,
        0.0004414306895341724,
        0.0001767276116879657,
        0.018948381766676903,
        0.0013341900194063783,
        0.0003168405091855675,
        0.00019196156063117087,
        0.0001864035875769332,
        0.0003147450916003436,
        0.000178776346729137,
        0.007603274658322334,
        0.0004307643976062536,
        0.011230753734707832
    ],
    "identity_attack": [
        0.020807599648833275,
        0.8038355708122253,
        0.00036802468821406364,
        0.833270788192749,
        0.00016272896027658135,
        0.0002638876612763852,
        0.0838669165968895,
        0.0003381354035809636,
        0.0006083527114242315,
        0.007501665037125349,
        0.007434665225446224,
        0.000611252908129245,
        0.0001832072011893615,
        0.0001535307674203068,
        0.00016355793923139572,
        0.00015535656712017953,
        0.00015224148228298873,
        0.000205491844099015,
        0.0001582547411089763,
        0.00016011836123652756,
        0.00014847362763248384,
        0.00014652249228674918,
        0.00014772743452340364,
        0.00042510396451689303,
        0.00015399321273434907,
        0.00016416636935900897,
        0.00014439363440033048,
        0.00039733524317853153,
        0.0003959411405958235,
        0.000150110965478234,
        0.016001930460333824,
        0.0004127335560042411,
        0.0001572199398651719,
        0.00015019859711173922,
        0.00015225194511003792,
        0.0002619139850139618,
        0.00015813359641470015,
        0.006006328389048576,
        0.0006689222063869238,
        0.05138152092695236
    ]
}