{
    "toxicity": [
        0.058563195168972015,
        0.0008242307812906802,
        0.0006188348634168506,
        0.0011278506135568023,
        0.0013326912885531783,
        0.010915699414908886,
        0.00390149955637753,
        0.009168955497443676,
        0.0015215817838907242,
        0.8132218718528748,
        0.05547858402132988,
        0.0007713288650847971,
        0.0020957801025360823,
        0.0012768660672008991,
        0.0012278137728571892,
        0.0005821277154609561,
        0.0006744716665707529,
        0.0006804489530622959,
        0.0009198879706673324,
        0.00064924790058285,
        0.0014269460225477815,
        0.0012862508883699775,
        0.0005852169124409556,
        0.005201019812375307,
        0.0010300943395122886,
        0.0030758699867874384,
        0.0006455606198869646,
        0.03320223465561867,
        0.0015470057260245085,
        0.0008318491163663566,
        0.08641430735588074,
        0.013873822055757046,
        0.0006813100771978498,
        0.0005823069950565696,
        0.0007656679954379797,
        0.05060041323304176,
        0.0009475689730606973,
        0.17060822248458862,
        0.009897063486278057,
        0.0006382910651154816
    ],
    "severe_toxicity": [
        0.000244360911892727,
        0.00012367234739940614,
        0.00012868705380242318,
        0.00012291896564420313,
        0.0001062408700818196,
        0.0002714440634008497,
        0.0001082259914255701,
        0.00013526773545891047,
        0.00014599518908653408,
        0.003068990772590041,
        0.00033726004767231643,
        0.00011827922571683303,
        9.245973342331126e-05,
        0.00010086229303851724,
        0.00010628181917127222,
        0.0001322655298281461,
        0.00012229604180902243,
        0.00011898454249603674,
        0.00010724274761741981,
        0.00012113496632082388,
        0.00010377639409853145,
        0.00011531363998074085,
        0.00012660090578719974,
        9.67910818872042e-05,
        0.0001072423328878358,
        0.00011637420539045706,
        0.00012496231647673994,
        0.0001645870361244306,
        0.000112947091110982,
        0.00011203019676031545,
        0.0009303789702244103,
        0.00014555607049260288,
        0.00011293222632957622,
        0.00013070933346170932,
        0.00012578818132169545,
        0.000446865800768137,
        0.00010888819087995216,
        0.00041453633457422256,
        0.00016913426225073636,
        0.00012899837747681886
    ],
    "obscene": [
        0.000901438994333148,
        0.000166261539561674,
        0.0001707398914732039,
        0.00015564924979116768,
        0.00019434004207141697,
        0.0004538246721494943,
        0.00024322867102455348,
        0.0004653627402149141,
        0.00017819686036091298,
        0.032830044627189636,
        0.0007268261397257447,
        0.00015631751739419997,
        0.00017777259927242994,
        0.00016978933126665652,
        0.00017283108900301158,
        0.00017832468438427895,
        0.00017020379891619086,
        0.0001709472417132929,
        0.00017310914699919522,
        0.00017231768288183957,
        0.00023761986813042313,
        0.000273873854894191,
        0.00019217655062675476,
        0.00034157204208895564,
        0.0001604481803951785,
        0.0002495383087079972,
        0.00017876987112686038,
        0.0010724038584157825,
        0.0001691516808932647,
        0.00017110086628235877,
        0.0015183129580691457,
        0.00043743610149249434,
        0.00017236451094504446,
        0.00017673519323579967,
        0.00017151053179986775,
        0.001361497794277966,
        0.00016312836669385433,
        0.002600504783913493,
        0.0003280433884356171,
        0.00017074606148526073
    ],
    "threat": [
        0.0003612141590565443,
        0.00014091559569351375,
        0.00014574370288755745,
        0.0001432889694115147,
        0.00011172849190188572,
        0.0003433995007071644,
        0.00014331396960187703,
        0.00019223667914047837,
        0.00016478881298098713,
        0.0027594822458922863,
        0.0004978255019523203,
        0.0001342655305052176,
        0.00012235120811965317,
        0.0001163607812486589,
        0.00014108420873526484,
        0.00014039951201993972,
        0.00013848193339072168,
        0.00012344965944066644,
        0.00011789198470069095,
        0.0001238391996594146,
        0.00010697902325773612,
        0.00012177958706161007,
        0.00012122948828618973,
        0.00015572526899632066,
        0.0001436997263226658,
        0.00022243204875849187,
        0.0001419104664819315,
        0.0007119504734873772,
        0.00018262186495121568,
        0.00013396436406765133,
        0.02626405470073223,
        0.00037320225965231657,
        0.00011384978279238567,
        0.00014727959933225065,
        0.0001710483484202996,
        0.0050800032913684845,
        0.00012509513180702925,
        0.0007993817562237382,
        0.0003040411393158138,
        0.00014483269478660077
    ],
    "insult": [
        0.0020513779018074274,
        0.00017905441927723587,
        0.00017496824148111045,
        0.00018830933549907058,
        0.00018712178280111402,
        0.0006466687773354352,
        0.00028448973898775876,
        0.0004250987258274108,
        0.00022418262960854918,
        0.40312764048576355,
        0.0017251832177862525,
        0.0001818444870878011,
        0.0002519151894375682,
        0.00018547139188740402,
        0.00018472167721483856,
        0.00017890850722324103,
        0.0001787620276445523,
        0.0001766767236404121,
        0.00018069628276862204,
        0.000179406808456406,
        0.00018650564015842974,
        0.00019055971642956138,
        0.0001697932166280225,
        0.0004239530535414815,
        0.00019211169274058193,
        0.00024160408065654337,
        0.0001767471549101174,
        0.0011484890710562468,
        0.0002084199368255213,
        0.00017751005361787975,
        0.0027546680066734552,
        0.0007195048383437097,
        0.00018094026017934084,
        0.0001749216899042949,
        0.00018519819423090667,
        0.0015367870219051838,
        0.00018074332911055535,
        0.007603274658322334,
        0.0004307643976062536,
        0.00016944031813181937
    ],
    "identity_attack": [
        0.0037230737507343292,
        0.00018011023348663002,
        0.00015382413403131068,
        0.00024398516688961536,
        0.00019251163757871836,
        0.0031011898536235094,
        0.0003498772857710719,
        0.00047694213571958244,
        0.0004935991019010544,
        0.10010132193565369,
        0.007434665225446224,
        0.0001713303936412558,
        0.00020021648379042745,
        0.0001750995870679617,
        0.00016355793923139572,
        0.00015395929221995175,
        0.00015224672097247094,
        0.0001493004383519292,
        0.00014865706907585263,
        0.00014873208419885486,
        0.00014489029126707464,
        0.00015724603144917637,
        0.00014590889622922987,
        0.00020094150386285037,
        0.0001552043395349756,
        0.00024588024825789034,
        0.00014448026195168495,
        0.00048342865193262696,
        0.00019278642139397562,
        0.00014648727665189654,
        0.00267108716070652,
        0.0005548494518734515,
        0.00013854957069270313,
        0.0001472366275265813,
        0.0001535670890007168,
        0.0011688020313158631,
        0.00015937048010528088,
        0.006006328389048576,
        0.0006689222063869238,
        0.00015986191283445805
    ]
}