{
    "toxicity": [
        0.23799918591976166,
        0.896948516368866,
        0.6606702208518982,
        0.9771592020988464,
        0.0059784287586808205,
        0.007215562276542187,
        0.11760488897562027,
        0.795363187789917,
        0.004420289769768715,
        0.0005809177528135478,
        0.012512704357504845,
        0.0011979520786553621,
        0.04113262891769409,
        0.5104297399520874,
        0.0009851903887465596,
        0.002361796796321869,
        0.0006754893693141639,
        0.004286131821572781,
        0.10804586112499237,
        0.0006593659636564553,
        0.001081631751731038,
        0.0007305645849555731,
        0.0011764696100726724,
        0.2785966992378235,
        0.0008432865142822266,
        0.0009913055691868067,
        0.0009145596995949745,
        0.0010211261687800288,
        0.0013034857111051679,
        0.0009454983519390225,
        0.23950499296188354,
        0.004544113762676716,
        0.0014018125366419554,
        0.0005815784679725766,
        0.0008990938658826053,
        0.0026441277004778385,
        0.0007767032948322594,
        0.0008940016268752515,
        0.009897063486278057,
        0.1211482509970665
    ],
    "severe_toxicity": [
        0.0005016840295866132,
        0.02782285585999489,
        0.01643194444477558,
        0.12025169283151627,
        0.00014365313109010458,
        0.00021679072233382612,
        0.0006684130639769137,
        0.022142628207802773,
        0.00024168239906430244,
        0.0001348167861578986,
        0.00012744052219204605,
        0.00011193622776772827,
        0.00022168444411363453,
        0.005139342974871397,
        0.00010736779222497717,
        0.00010125847620656714,
        0.00012221724318806082,
        9.946770296664909e-05,
        0.00026311990222893655,
        0.00012026874901494011,
        0.00010716688848333433,
        0.00011444299889262766,
        0.00010613394260872155,
        0.0004885467933490872,
        0.00011464374256320298,
        0.00011812266893684864,
        0.0001080128931789659,
        0.00010410625691292807,
        0.00010874374856939539,
        0.00010635663784341887,
        0.0027975142002105713,
        0.00010567959543550387,
        9.666581900091842e-05,
        0.00012806031736545265,
        0.00012926411000080407,
        0.00011536094098119065,
        0.00011880201782332733,
        0.00011473736230982468,
        0.00016913426225073636,
        0.0013627205044031143
    ],
    "obscene": [
        0.0032076144125312567,
        0.09100241214036942,
        0.0567658469080925,
        0.4313398599624634,
        0.0003222186351194978,
        0.0003721383982338011,
        0.0013284593587741256,
        0.1255335658788681,
        0.00034936846350319684,
        0.00018039245333056897,
        0.0002891462354455143,
        0.00015504681505262852,
        0.0005234088748693466,
        0.009891178458929062,
        0.0001623286516405642,
        0.00029240138246677816,
        0.00017018090875353664,
        0.00036896002711728215,
        0.006056738551706076,
        0.00017142290016636252,
        0.00018856591486837715,
        0.00017848033166956156,
        0.00019654925563372672,
        0.01081121526658535,
        0.00016044113726820797,
        0.00017273107368964702,
        0.00017510460747871548,
        0.00019385534687899053,
        0.0001741659507388249,
        0.0001683632144704461,
        0.0038241019938141108,
        0.0003344111901242286,
        0.00018116224964614958,
        0.00017756033048499376,
        0.0001755315315676853,
        0.00026561724371276796,
        0.00016573035100009292,
        0.00020849487918894738,
        0.0003280433884356171,
        0.0026259953156113625
    ],
    "threat": [
        0.000770724203903228,
        0.01803487539291382,
        0.015217834152281284,
        0.05631504952907562,
        0.00019043947395402938,
        0.00024813093477860093,
        0.0017887504072859883,
        0.014243855141103268,
        0.00026705750497058034,
        0.00014859061047900468,
        0.00018593495769891888,
        0.0001337688008788973,
        0.0004542816895991564,
        0.07898518443107605,
        0.00013069338456261903,
        0.00014808509149588645,
        0.00013842200860381126,
        0.00012702340609394014,
        0.0005125020979903638,
        0.00012214361049700528,
        0.00012299598893150687,
        0.00012131030962336808,
        0.00012891243386548012,
        0.0017253137193620205,
        0.00013740547001361847,
        0.00016407700604759157,
        0.00012672337470576167,
        0.00011708847887348384,
        0.00015553559933323413,
        0.00013043939543422312,
        0.13347044587135315,
        0.00013595205382443964,
        0.00012334434723015875,
        0.0001381904148729518,
        0.000195371569134295,
        0.00020656402921304107,
        0.0001416130835423246,
        0.00010288417979609221,
        0.0003040411393158138,
        0.014346932992339134
    ],
    "insult": [
        0.006523794028908014,
        0.2653748393058777,
        0.09918994456529617,
        0.6276128888130188,
        0.0003492856922093779,
        0.000482132047181949,
        0.0037414191756397486,
        0.13672038912773132,
        0.00046616015606559813,
        0.00017926488362718374,
        0.0005623775068670511,
        0.00020384560048114508,
        0.00302071962505579,
        0.01477296557277441,
        0.0001807157532311976,
        0.0002465883153490722,
        0.00017872947501018643,
        0.0002880374377127737,
        0.0035318678710609674,
        0.00017861857486423105,
        0.00017073516210075468,
        0.00016577080532442778,
        0.00017548937466926873,
        0.012003685347735882,
        0.00017710683459881693,
        0.000179691007360816,
        0.0001831177796702832,
        0.0001801603939384222,
        0.00018708448624238372,
        0.00017919139645528048,
        0.006574359722435474,
        0.0003780820989049971,
        0.0001935867767315358,
        0.00017058708181139082,
        0.00018570250540506095,
        0.00023277581203728914,
        0.00017822184599936008,
        0.00018365475989412516,
        0.0004307643976062536,
        0.003170046489685774
    ],
    "identity_attack": [
        0.012251276522874832,
        0.682838499546051,
        0.5418211817741394,
        0.8823489546775818,
        0.00072095898212865,
        0.0018499856814742088,
        0.01885882392525673,
        0.6044114232063293,
        0.001990055199712515,
        0.00014993730292189866,
        0.0007430939585901797,
        0.0002233200939372182,
        0.0023520991671830416,
        0.0830598920583725,
        0.0001557724754093215,
        0.00015978465671651065,
        0.00015224148228298873,
        0.0002072395000141114,
        0.0008110211929306388,
        0.00014949760225135833,
        0.00015247757255565375,
        0.0001453673030482605,
        0.00015422434080392122,
        0.002617479534819722,
        0.0001589497842360288,
        0.00016416636935900897,
        0.00014439363440033048,
        0.0001426583039574325,
        0.00017119977565016598,
        0.0001502048980910331,
        0.004609801806509495,
        0.00023903870896901935,
        0.00015206390526145697,
        0.00014427582209464163,
        0.00016407622024416924,
        0.0002206181234214455,
        0.00015994287969078869,
        0.0001406098308507353,
        0.0006689222063869238,
        0.013152947649359703
    ]
}