{
    "toxicity": [
        0.13580574095249176,
        0.6426095962524414,
        0.9117974042892456,
        0.9582070112228394,
        0.014178676530718803,
        0.06314349919557571,
        0.14484673738479614,
        0.9874381422996521,
        0.001434051664546132,
        0.08346021175384521,
        0.05547858402132988,
        0.0077277240343391895,
        0.025219673290848732,
        0.05290507152676582,
        0.001081266556866467,
        0.0030013681389391422,
        0.002330510411411524,
        0.0022600009106099606,
        0.0877595767378807,
        0.00065421755425632,
        0.0009177640895359218,
        0.0018354798667132854,
        0.0007824207423254848,
        0.06238469108939171,
        0.0008370596915483475,
        0.0030758699867874384,
        0.0009799741674214602,
        0.0010216929949820042,
        0.04910978302359581,
        0.0010013650171458721,
        0.685259222984314,
        0.01406923495233059,
        0.006591444835066795,
        0.0005823069950565696,
        0.0019482391653582454,
        0.0007710959762334824,
        0.0007075387984514236,
        0.17060822248458862,
        0.009897063486278057,
        0.05010271444916725
    ],
    "severe_toxicity": [
        0.00030742931994609535,
        0.022747937589883804,
        0.04098091274499893,
        0.09256002306938171,
        0.00014456239296123385,
        0.0005694897845387459,
        0.00033139140577986836,
        0.1683064103126526,
        0.0001352140970993787,
        0.0004931440926156938,
        0.00033726004767231643,
        0.00014321875642053783,
        0.00014344042574521154,
        0.00045134074753150344,
        0.00010589445446385071,
        0.00010516909969737753,
        9.717821376398206e-05,
        0.0001052285879268311,
        0.00018340836686547846,
        0.00012266018893569708,
        0.00011165670730406418,
        0.00010741694131866097,
        0.00011268933303654194,
        0.0001970183220691979,
        0.00011770025594159961,
        0.00011637420539045706,
        0.00010902679059654474,
        0.00010629326425259933,
        0.00031811418011784554,
        0.00010667535389075056,
        0.028262261301279068,
        0.00019116699695587158,
        8.719796460354701e-05,
        0.00013070933346170932,
        0.00011567774345166981,
        0.00012182419595774263,
        0.00012129643437219784,
        0.00041453633457422256,
        0.00016913426225073636,
        0.00045246529043652117
    ],
    "obscene": [
        0.0012626431416720152,
        0.23323750495910645,
        0.17929516732692719,
        0.28189924359321594,
        0.0006741452380083501,
        0.0014710640534758568,
        0.0014309713151305914,
        0.6098223924636841,
        0.00018874002853408456,
        0.001141046523116529,
        0.0007268261397257447,
        0.0002629764494486153,
        0.0003538794117048383,
        0.0009544561617076397,
        0.00016833480913192034,
        0.0002509096229914576,
        0.00016770983347669244,
        0.00027233787113800645,
        0.001302502816542983,
        0.00016785891784820706,
        0.00019002245971933007,
        0.0002439684176351875,
        0.0001850389817263931,
        0.0021759059745818377,
        0.00016692615463398397,
        0.0002495383087079972,
        0.0001790127862477675,
        0.000193974599824287,
        0.0008271497208625078,
        0.000178498201421462,
        0.023716362193226814,
        0.000584992696531117,
        0.0003107503289356828,
        0.00017673519323579967,
        0.00018932709645014256,
        0.00016566856356803328,
        0.00016602360119577497,
        0.002600504783913493,
        0.0003280433884356171,
        0.0008003535913303494
    ],
    "threat": [
        0.0004886217648163438,
        0.010618948377668858,
        0.02302088402211666,
        0.17118492722511292,
        0.00022205041022971272,
        0.0006025275215506554,
        0.0006238091154955328,
        0.0589839369058609,
        0.0001384249044349417,
        0.0008740194607526064,
        0.0004978255019523203,
        0.00019359638099558651,
        0.00026379633345641196,
        0.00350569817237556,
        0.00012953927216585726,
        0.00017269206000491977,
        0.00015173657448031008,
        0.00012612988939508796,
        0.0007000713376328349,
        0.00012396562669891864,
        0.00012008149496978149,
        0.000137000679387711,
        0.00012028916535200551,
        0.0005973943043500185,
        0.00015066737250890583,
        0.00022243204875849187,
        0.00013480933557730168,
        0.00012576095468830317,
        0.0035126314032822847,
        0.0001296122936764732,
        0.7200896739959717,
        0.0003492189571261406,
        0.000133371795527637,
        0.00014727959933225065,
        0.00023081903054844588,
        0.00015201316273305565,
        0.00013863916683476418,
        0.0007993817562237382,
        0.0003040411393158138,
        0.003515162505209446
    ],
    "insult": [
        0.007523039355874062,
        0.359662801027298,
        0.31536149978637695,
        0.4168005585670471,
        0.0005446304567158222,
        0.002413831651210785,
        0.004786770790815353,
        0.6741406321525574,
        0.00020803319057449698,
        0.003878982039168477,
        0.0017251832177862525,
        0.0006645371904596686,
        0.0018012465443462133,
        0.001135345664806664,
        0.00018635009473655373,
        0.0002482009876985103,
        0.00027080404106527567,
        0.00021465551981236786,
        0.0018094866536557674,
        0.0001823227939894423,
        0.00016715790843591094,
        0.00019738799892365932,
        0.00016596977366134524,
        0.004040882457047701,
        0.00018066751363221556,
        0.00024160408065654337,
        0.00018559806630946696,
        0.0001787076616892591,
        0.0015479715075343847,
        0.0001767276116879657,
        0.033120255917310715,
        0.0010069913696497679,
        0.000415877322666347,
        0.0001749216899042949,
        0.00023292367404792458,
        0.00018014975648839027,
        0.0001799468300305307,
        0.007603274658322334,
        0.0004307643976062536,
        0.0012892471859231591
    ],
    "identity_attack": [
        0.005969997961074114,
        0.3949177861213684,
        0.7606250643730164,
        0.8341203927993774,
        0.0005731966230086982,
        0.017714330926537514,
        0.009152542799711227,
        0.9001107215881348,
        0.00040251362952403724,
        0.01246343832463026,
        0.007434665225446224,
        0.0008260470349341631,
        0.0010206238366663456,
        0.003644409356638789,
        0.00015659217024222016,
        0.00021611728880088776,
        0.00020823322120122612,
        0.00019217070075683296,
        0.0006788830505684018,
        0.00015739453374408185,
        0.00015550164971500635,
        0.00018280236690770835,
        0.0001430920819984749,
        0.0008458287338726223,
        0.00015336046635638922,
        0.00024588024825789034,
        0.0001438554609194398,
        0.00014420553634408861,
        0.0011551501229405403,
        0.000150110965478234,
        0.032474860548973083,
        0.001222790451720357,
        0.00021183000353630632,
        0.0001472366275265813,
        0.0002019146631937474,
        0.00015806607552804053,
        0.00015564360364805907,
        0.006006328389048576,
        0.0006689222063869238,
        0.0031978851184248924
    ]
}