{
    "toxicity": [
        0.005402342416346073,
        0.0012423079460859299,
        0.0005505100707523525,
        0.0011278506135568023,
        0.0007925568497739732,
        0.0047713215462863445,
        0.0011914456263184547,
        0.003723820438608527,
        0.0020025870762765408,
        0.18840523064136505,
        0.05547858402132988,
        0.00136454903986305,
        0.0007942469674162567,
        0.06704956293106079,
        0.0012278137728571892,
        0.0005949547048658133,
        0.0025419669691473246,
        0.0007289386703632772,
        0.008054345846176147,
        0.0006516485009342432,
        0.0008190770749934018,
        0.0010410581016913056,
        0.000905025692190975,
        0.0009541137842461467,
        0.001397839980199933,
        0.0016332344384863973,
        0.0006975220167078078,
        0.0007794540724717081,
        0.001009080559015274,
        0.0009096070425584912,
        0.0007570295711047947,
        0.05906153470277786,
        0.0018327860161662102,
        0.0005823069950565696,
        0.001187366433441639,
        0.05714133754372597,
        0.0009045209153555334,
        0.17060822248458862,
        0.009897063486278057,
        0.5193646550178528
    ],
    "severe_toxicity": [
        0.00010905902308877558,
        0.00011053463094867766,
        0.00013813917757943273,
        0.00012291896564420313,
        0.00011328925029374659,
        0.00021840317640453577,
        0.00010873068094952032,
        0.00011085138976341113,
        0.0001639626716496423,
        0.0011001937091350555,
        0.00033726004767231643,
        0.0001098898719646968,
        0.00011404753604438156,
        0.0005847833817824721,
        0.00010628181917127222,
        0.00012857557157985866,
        9.797786333365366e-05,
        0.00011691287363646552,
        0.00011727553646778688,
        0.00012081587919965386,
        0.00011189257202204317,
        0.00012128983507864177,
        0.0001163499109679833,
        0.00010610510798869655,
        0.0001057276749634184,
        0.00012212962610647082,
        0.0001212854404002428,
        0.00011289992835372686,
        0.00011575034295674413,
        0.00011013965558959171,
        0.00012565798533614725,
        0.0003714033227879554,
        9.480572043685243e-05,
        0.00013070933346170932,
        0.00011089823237853125,
        0.00048256380250677466,
        0.00011000425001839176,
        0.00041453633457422256,
        0.00016913426225073636,
        0.0048426492139697075
    ],
    "obscene": [
        0.00025902362540364265,
        0.00016258176765404642,
        0.00018112477846443653,
        0.00015564924979116768,
        0.0001690747740212828,
        0.0003254308830946684,
        0.0001653187209740281,
        0.00023885576229076833,
        0.00021813927742186934,
        0.003330540843307972,
        0.0007268261397257447,
        0.0001524361432529986,
        0.000156699403305538,
        0.0009604539372958243,
        0.00017283108900301158,
        0.00017609295900911093,
        0.00017079345707315952,
        0.00016544267418794334,
        0.0002852349716704339,
        0.00017232753452844918,
        0.00019703598809428513,
        0.0002455787034705281,
        0.00022468891984317452,
        0.0001766428758855909,
        0.00016374581900890917,
        0.0001898055343190208,
        0.00017391785513609648,
        0.00017785278032533824,
        0.0001729078940115869,
        0.0001769287628121674,
        0.00017047034634742886,
        0.0033105730544775724,
        0.00024363740521948785,
        0.00017673519323579967,
        0.0001682579459156841,
        0.0028998234774917364,
        0.00016383077309001237,
        0.002600504783913493,
        0.0003280433884356171,
        0.005567524582147598
    ],
    "threat": [
        0.00011931698827538639,
        0.00012826563033740968,
        0.00015009207709226757,
        0.0001432889694115147,
        0.00011735238513210788,
        0.0002478320966474712,
        0.00012273203174117953,
        0.00015169460675679147,
        0.00017379816563334316,
        0.001154479687102139,
        0.0004978255019523203,
        0.00012845131277572364,
        0.00013108854182064533,
        0.008263829164206982,
        0.00014108420873526484,
        0.00013541847874876112,
        0.00015943309699650854,
        0.00012702413368970156,
        0.00022303772857412696,
        0.00012323055125307292,
        0.000106989944470115,
        0.00012954692647326738,
        0.00011430752783780918,
        0.00012819068797398359,
        0.0001556893257657066,
        0.00021968466171529144,
        0.00014185174950398505,
        0.0001286115002585575,
        0.00015378717216663063,
        0.00013676847447641194,
        0.0001650194899411872,
        0.00108909432310611,
        9.523084736429155e-05,
        0.00014727959933225065,
        0.00017341776401735842,
        0.003884971374645829,
        0.00012462127779144794,
        0.0007993817562237382,
        0.0003040411393158138,
        0.059784214943647385
    ],
    "insult": [
        0.00039114622632041574,
        0.00018104656192008406,
        0.00017731128900777549,
        0.00018830933549907058,
        0.0001707250630715862,
        0.0004351043317001313,
        0.0001986166462302208,
        0.0002578165731392801,
        0.00026094814529642463,
        0.020055893808603287,
        0.0017251832177862525,
        0.00021499264403246343,
        0.00018788983288686723,
        0.0016189881134778261,
        0.00018472167721483856,
        0.0001779051817720756,
        0.00029344053473323584,
        0.00017915791249834,
        0.0003361298586241901,
        0.00017932677292264998,
        0.00017184659373015165,
        0.00018729045405052602,
        0.00017546862363815308,
        0.00019340890867169946,
        0.00020401184156071395,
        0.0002060514088952914,
        0.0001802861806936562,
        0.00017606357869226485,
        0.00018466338224243373,
        0.00017689990636426955,
        0.000180856412043795,
        0.004286131821572781,
        0.00021462031872943044,
        0.0001749216899042949,
        0.00020359463815111667,
        0.0015626543899998069,
        0.000178776346729137,
        0.007603274658322334,
        0.0004307643976062536,
        0.013323229737579823
    ],
    "identity_attack": [
        0.0004199702525511384,
        0.0002085038140648976,
        0.0001549961161799729,
        0.00024398516688961536,
        0.00016147557471413165,
        0.0016889512771740556,
        0.000205653952434659,
        0.00033629557583481073,
        0.0006899928557686508,
        0.04892706125974655,
        0.007434665225446224,
        0.0002365053369430825,
        0.00015938383876346052,
        0.0030565191991627216,
        0.00016355793923139572,
        0.00015117565635591745,
        0.00021754401677753776,
        0.00015083928883541375,
        0.0004120418743696064,
        0.00014880372327752411,
        0.00014437780191656202,
        0.00016083908849395812,
        0.0001457434264011681,
        0.00014737540914211422,
        0.00017302663763985038,
        0.0002039155806414783,
        0.00014477953664027154,
        0.00014376660692505538,
        0.0001633757201489061,
        0.0001454209559597075,
        0.00015471631195396185,
        0.003187296213582158,
        0.00013878069876227528,
        0.0001472366275265813,
        0.0001633438077988103,
        0.0015233844751492143,
        0.00015813359641470015,
        0.006006328389048576,
        0.0006689222063869238,
        0.06565193086862564
    ]
}