step,total_loss,likelihood_loss,frequency_loss,learning_rate
0,4.3671875,4.3671875,0.0,0.01
1,2.919921875,2.919921875,0.0,0.01
2,3.984375,3.984375,0.0,0.01
3,2.861328125,2.861328125,0.0,0.01
4,3.349609375,3.349609375,0.0,0.01
5,3.31640625,3.31640625,0.0,0.01
